<?xml version="1.0" encoding="ISO-8859-1"?>
<irssibot-config>

  <general>
    <dateformat>dd.MM.yyyy HH:mm</dateformat>
  </general>

   <!-- module list BEGINS -->
   <module-list>
      <module>UserTools</module>
   </module-list>
   <!-- module list ENDS -->

  <!-- database info -->
<!--  <database>
    <host hostname="mysql.domain.com" hostport="3306" />
    <user name="mysqluser" password="passwd" />
  </database>
-->

   <!-- server instance BEGINS -->
   <server-instance network="IRCNet">

      <bot-info nick="antbot" altnick="antbot-" realname="http://www.duffbrew.com/" />
      <user-file path="config/example-users-file.xml" />

      <server-list>
	 <address>sanjose.ca.us.warped.net:6667</address>
      </server-list>

      <channel-list>
         <channel name="#708parker" key="" forcedmodes="+nt" />
      </channel-list>   

   </server-instance>
   <!-- server instance ENDS -->

   <!-- copypaste & edit <server-instance>s here to add server connects --> 


</irssibot-config>



